{"cameraMode":{"drawMode":0,"name":"Shaded","section":"Shading Mode"},"sceneLighting":true,"audioPlay":false,"sceneViewState":{"m_AlwaysRefresh":false,"showFog":true,"showSkybox":true,"showFlares":true,"showImageEffects":true,"showParticleSystems":true,"showVisualEffectGraphs":true,"m_FxEnabled":true},"in2DMode":false,"pivot":{"x":5.428326606750488,"y":4.042342662811279,"z":0.5594768524169922},"rotation":{"x":0.012300959788262844,"y":-0.04017629101872444,"z":0.000471717503387481,"w":0.9991788864135742},"size":4.20597505569458,"orthographic":false}