{"cameraMode":{"drawMode":0,"name":"Shaded","section":"Shading Mode"},"sceneLighting":true,"audioPlay":false,"sceneViewState":{"m_AlwaysRefresh":false,"showFog":true,"showSkybox":true,"showFlares":true,"showImageEffects":true,"showParticleSystems":true,"showVisualEffectGraphs":true,"m_FxEnabled":true},"in2DMode":false,"pivot":{"x":0.544023334980011,"y":-0.08099251985549927,"z":2.7127480506896974},"rotation":{"x":0.012309461832046509,"y":-0.000004673175681091379,"z":2.9718165706071888e-9,"w":0.9999260902404785},"size":0.974014163017273,"orthographic":false}